{
  "images" : [
    {
      "filename" : "qr-code-smartphone-scanner-color-icon-vector-28872929.jpg",
      "idiom" : "universal",
      "scale" : "1x"
    },
    {
      "filename" : "qr-code-smartphone-scanner-color-icon-vector-28872930.jpg",
      "idiom" : "universal",
      "scale" : "2x"
    },
    {
      "filename" : "qr-code-smartphone-scanner-color-icon-vector-28872931.jpg",
      "idiom" : "universal",
      "scale" : "3x"
    }
  ],
  "info" : {
    "author" : "xcode",
    "version" : 1
  }
}
