<?xml version='1.0' encoding='UTF-8'?>
<ejb-jar xmlns="http://java.sun.com/xml/ns/javaee" metadata-complete="false">
    <enterprise-beans>
        <session id="DataModel">
            <ejb-name>DataModel</ejb-name>
            <mapped-name></mapped-name>
            <local-bean/>
            <ejb-class>CLupPackage.DataModel</ejb-class>
            <session-type>Stateless</session-type>
            <depends-on/>
            <transaction-type>Container</transaction-type>
            <env-entry>
                <env-entry-name>java:module/ModuleName</env-entry-name>
                <env-entry-type>java.lang.String</env-entry-type>
                <env-entry-value>RestAPI_war</env-entry-value>
            </env-entry>
            <env-entry>
                <env-entry-name>java:app/AppName</env-entry-name>
                <env-entry-type>java.lang.String</env-entry-type>
                <env-entry-value>RestAPI-1.0-SNAPSHOT</env-entry-value>
            </env-entry>
            <env-entry>
                <env-entry-name>java:comp/ComponentName</env-entry-name>
                <env-entry-type>java.lang.String</env-entry-type>
                <env-entry-value>DataModel</env-entry-value>
            </env-entry>
            <ejb-local-ref>
                <ejb-ref-name>java:comp/env/DataModel</ejb-ref-name>
                <local>CLupPackage.DataModel</local>
                <injection-target>
                    <injection-target-class>JunkyFunky</injection-target-class>
                    <injection-target-name>dataModel</injection-target-name>
                </injection-target>
            </ejb-local-ref>
            <resource-env-ref>
                <resource-env-ref-name>java:comp/BeanManager</resource-env-ref-name>
                <resource-env-ref-type>javax.enterprise.inject.spi.BeanManager</resource-env-ref-type>
            </resource-env-ref>
            <resource-env-ref>
                <resource-env-ref-name>java:comp/Validator</resource-env-ref-name>
                <resource-env-ref-type>javax.validation.Validator</resource-env-ref-type>
            </resource-env-ref>
            <resource-env-ref>
                <resource-env-ref-name>java:comp/ValidatorFactory</resource-env-ref-name>
                <resource-env-ref-type>javax.validation.ValidatorFactory</resource-env-ref-type>
            </resource-env-ref>
            <resource-env-ref>
                <resource-env-ref-name>java:comp/TransactionManager</resource-env-ref-name>
                <resource-env-ref-type>javax.transaction.TransactionManager</resource-env-ref-type>
            </resource-env-ref>
            <resource-env-ref>
                <resource-env-ref-name>java:comp/TransactionSynchronizationRegistry</resource-env-ref-name>
                <resource-env-ref-type>javax.transaction.TransactionSynchronizationRegistry</resource-env-ref-type>
            </resource-env-ref>
            <persistence-context-ref>
                <persistence-context-ref-name>java:comp/env/CLupPackage.DataModel/em</persistence-context-ref-name>
                <persistence-unit-name>PCLup</persistence-unit-name>
                <persistence-context-type>Transaction</persistence-context-type>
                <injection-target>
                    <injection-target-class>CLupPackage.DataModel</injection-target-class>
                    <injection-target-name>em</injection-target-name>
                </injection-target>
            </persistence-context-ref>
        </session>
        <session id="RestAPI_war.Comp477735047">
            <ejb-name>RestAPI_war.Comp</ejb-name>
            <local-bean/>
            <ejb-class>org.apache.openejb.BeanContext$Comp</ejb-class>
            <session-type>Managed</session-type>
            <depends-on/>
            <transaction-type>Bean</transaction-type>
            <env-entry>
                <env-entry-name>java:module/ModuleName</env-entry-name>
                <env-entry-type>java.lang.String</env-entry-type>
                <env-entry-value>RestAPI_war</env-entry-value>
            </env-entry>
            <env-entry>
                <env-entry-name>java:app/AppName</env-entry-name>
                <env-entry-type>java.lang.String</env-entry-type>
                <env-entry-value>RestAPI-1.0-SNAPSHOT</env-entry-value>
            </env-entry>
            <env-entry>
                <env-entry-name>java:comp/ComponentName</env-entry-name>
                <env-entry-type>java.lang.String</env-entry-type>
                <env-entry-value>RestAPI_war</env-entry-value>
            </env-entry>
            <ejb-local-ref>
                <ejb-ref-name>java:comp/env/DataModel</ejb-ref-name>
                <local>CLupPackage.DataModel</local>
                <injection-target>
                    <injection-target-class>JunkyFunky</injection-target-class>
                    <injection-target-name>dataModel</injection-target-name>
                </injection-target>
            </ejb-local-ref>
            <resource-env-ref>
                <resource-env-ref-name>java:comp/BeanManager</resource-env-ref-name>
                <resource-env-ref-type>javax.enterprise.inject.spi.BeanManager</resource-env-ref-type>
            </resource-env-ref>
            <resource-env-ref>
                <resource-env-ref-name>java:comp/Validator</resource-env-ref-name>
                <resource-env-ref-type>javax.validation.Validator</resource-env-ref-type>
            </resource-env-ref>
            <resource-env-ref>
                <resource-env-ref-name>java:comp/ValidatorFactory</resource-env-ref-name>
                <resource-env-ref-type>javax.validation.ValidatorFactory</resource-env-ref-type>
            </resource-env-ref>
            <resource-env-ref>
                <resource-env-ref-name>java:comp/TransactionManager</resource-env-ref-name>
                <resource-env-ref-type>javax.transaction.TransactionManager</resource-env-ref-type>
            </resource-env-ref>
            <resource-env-ref>
                <resource-env-ref-name>java:comp/TransactionSynchronizationRegistry</resource-env-ref-name>
                <resource-env-ref-type>javax.transaction.TransactionSynchronizationRegistry</resource-env-ref-type>
            </resource-env-ref>
            <persistence-context-ref>
                <persistence-context-ref-name>java:comp/env/CLupPackage.DataModel/em</persistence-context-ref-name>
                <persistence-unit-name>PCLup</persistence-unit-name>
                <persistence-context-type>Transaction</persistence-context-type>
                <injection-target>
                    <injection-target-class>CLupPackage.DataModel</injection-target-class>
                    <injection-target-name>em</injection-target-name>
                </injection-target>
            </persistence-context-ref>
        </session>
    </enterprise-beans>
    <assembly-descriptor/>
</ejb-jar>
