<?xml version='1.0' encoding='UTF-8'?>
<ejb-jar xmlns="http://java.sun.com/xml/ns/javaee">
    <enterprise-beans>
        <session id="RequestHandler">
            <ejb-name>RequestHandler</ejb-name>
            <mapped-name></mapped-name>
            <local-bean/>
            <ejb-class>RequestHandler</ejb-class>
            <session-type>Stateless</session-type>
            <depends-on/>
            <transaction-type>Container</transaction-type>
            <env-entry>
                <env-entry-name>java:module/ModuleName</env-entry-name>
                <env-entry-type>java.lang.String</env-entry-type>
                <env-entry-value>CLup</env-entry-value>
            </env-entry>
            <env-entry>
                <env-entry-name>java:app/AppName</env-entry-name>
                <env-entry-type>java.lang.String</env-entry-type>
                <env-entry-value>CLup</env-entry-value>
            </env-entry>
            <env-entry>
                <env-entry-name>java:comp/ComponentName</env-entry-name>
                <env-entry-type>java.lang.String</env-entry-type>
                <env-entry-value>RequestHandler</env-entry-value>
            </env-entry>
            <ejb-local-ref>
                <ejb-ref-name>java:comp/env/it.polimi.se2.ricciosorrentinotriuzzi.components/DataModel</ejb-ref-name>
                <local>it.polimi.se2.ricciosorrentinotriuzzi.components.DataModel</local>
                <injection-target>
                    <injection-target-class>JunkyFunky</injection-target-class>
                    <injection-target-name>dataModel</injection-target-name>
                </injection-target>
                <injection-target>
                    <injection-target-class>VisitManager</injection-target-class>
                    <injection-target-name>dataModel</injection-target-name>
                </injection-target>
                <injection-target>
                    <injection-target-class>CustomerController</injection-target-class>
                    <injection-target-name>dataModel</injection-target-name>
                </injection-target>
                <injection-target>
                    <injection-target-class>RequestHandler</injection-target-class>
                    <injection-target-name>dataModel</injection-target-name>
                </injection-target>
            </ejb-local-ref>
            <ejb-local-ref>
                <ejb-ref-name>java:comp/env/it.polimi.se2.ricciosorrentinotriuzzi.RequestHandler</ejb-ref-name>
                <local>RequestHandler</local>
                <injection-target>
                    <injection-target-class>LineUpInt</injection-target-class>
                    <injection-target-name>rh</injection-target-name>
                </injection-target>
            </ejb-local-ref>
            <ejb-local-ref>
                <ejb-ref-name>java:comp/env/it.polimi.se2.ricciosorrentinotriuzzi.CustomerController</ejb-ref-name>
                <local>CustomerController</local>
                <injection-target>
                    <injection-target-class>CustomerInt</injection-target-class>
                    <injection-target-name>cc</injection-target-name>
                </injection-target>
            </ejb-local-ref>
            <ejb-local-ref>
                <ejb-ref-name>java:comp/env/it.polimi.se2.ricciosorrentinotriuzzi/VisitManager</ejb-ref-name>
                <local>VisitManager</local>
                <injection-target>
                    <injection-target-class>JunkyFunky</injection-target-class>
                    <injection-target-name>visitManager</injection-target-name>
                </injection-target>
                <injection-target>
                    <injection-target-class>AccessControlInt</injection-target-class>
                    <injection-target-name>visitManager</injection-target-name>
                </injection-target>
            </ejb-local-ref>
            <resource-env-ref>
                <resource-env-ref-name>java:comp/BeanManager</resource-env-ref-name>
                <resource-env-ref-type>javax.enterprise.inject.spi.BeanManager</resource-env-ref-type>
            </resource-env-ref>
            <resource-env-ref>
                <resource-env-ref-name>java:comp/Validator</resource-env-ref-name>
                <resource-env-ref-type>javax.validation.Validator</resource-env-ref-type>
            </resource-env-ref>
            <resource-env-ref>
                <resource-env-ref-name>java:comp/ValidatorFactory</resource-env-ref-name>
                <resource-env-ref-type>javax.validation.ValidatorFactory</resource-env-ref-type>
            </resource-env-ref>
            <resource-env-ref>
                <resource-env-ref-name>java:comp/TransactionManager</resource-env-ref-name>
                <resource-env-ref-type>javax.transaction.TransactionManager</resource-env-ref-type>
            </resource-env-ref>
            <resource-env-ref>
                <resource-env-ref-name>java:comp/TransactionSynchronizationRegistry</resource-env-ref-name>
                <resource-env-ref-type>javax.transaction.TransactionSynchronizationRegistry</resource-env-ref-type>
            </resource-env-ref>
            <persistence-context-ref>
                <persistence-context-ref-name>java:comp/env/it.polimi.se2.ricciosorrentinotriuzzi.components.DataModel/em</persistence-context-ref-name>
                <persistence-unit-name>PCLup</persistence-unit-name>
                <persistence-context-type>Transaction</persistence-context-type>
                <mapped-name>PCLup -912461633localhost</mapped-name>
                <injection-target>
                    <injection-target-class>it.polimi.se2.ricciosorrentinotriuzzi.components.DataModel</injection-target-class>
                    <injection-target-name>em</injection-target-name>
                </injection-target>
            </persistence-context-ref>
        </session>
        <session id="DataModel">
            <ejb-name>DataModel</ejb-name>
            <mapped-name></mapped-name>
            <local-bean/>
            <ejb-class>it.polimi.se2.ricciosorrentinotriuzzi.components.DataModel</ejb-class>
            <session-type>Stateless</session-type>
            <depends-on/>
            <transaction-type>Container</transaction-type>
            <env-entry>
                <env-entry-name>java:module/ModuleName</env-entry-name>
                <env-entry-type>java.lang.String</env-entry-type>
                <env-entry-value>CLup</env-entry-value>
            </env-entry>
            <env-entry>
                <env-entry-name>java:app/AppName</env-entry-name>
                <env-entry-type>java.lang.String</env-entry-type>
                <env-entry-value>CLup</env-entry-value>
            </env-entry>
            <env-entry>
                <env-entry-name>java:comp/ComponentName</env-entry-name>
                <env-entry-type>java.lang.String</env-entry-type>
                <env-entry-value>DataModel</env-entry-value>
            </env-entry>
            <ejb-local-ref>
                <ejb-ref-name>java:comp/env/it.polimi.se2.ricciosorrentinotriuzzi.RequestHandler</ejb-ref-name>
                <local>RequestHandler</local>
                <injection-target>
                    <injection-target-class>LineUpInt</injection-target-class>
                    <injection-target-name>rh</injection-target-name>
                </injection-target>
            </ejb-local-ref>
            <ejb-local-ref>
                <ejb-ref-name>java:comp/env/it.polimi.se2.ricciosorrentinotriuzzi.CustomerController</ejb-ref-name>
                <local>CustomerController</local>
                <injection-target>
                    <injection-target-class>CustomerInt</injection-target-class>
                    <injection-target-name>cc</injection-target-name>
                </injection-target>
            </ejb-local-ref>
            <ejb-local-ref>
                <ejb-ref-name>java:comp/env/it.polimi.se2.ricciosorrentinotriuzzi.components/DataModel</ejb-ref-name>
                <local>it.polimi.se2.ricciosorrentinotriuzzi.components.DataModel</local>
                <injection-target>
                    <injection-target-class>JunkyFunky</injection-target-class>
                    <injection-target-name>dataModel</injection-target-name>
                </injection-target>
                <injection-target>
                    <injection-target-class>VisitManager</injection-target-class>
                    <injection-target-name>dataModel</injection-target-name>
                </injection-target>
                <injection-target>
                    <injection-target-class>CustomerController</injection-target-class>
                    <injection-target-name>dataModel</injection-target-name>
                </injection-target>
                <injection-target>
                    <injection-target-class>RequestHandler</injection-target-class>
                    <injection-target-name>dataModel</injection-target-name>
                </injection-target>
            </ejb-local-ref>
            <ejb-local-ref>
                <ejb-ref-name>java:comp/env/it.polimi.se2.ricciosorrentinotriuzzi/VisitManager</ejb-ref-name>
                <local>VisitManager</local>
                <injection-target>
                    <injection-target-class>JunkyFunky</injection-target-class>
                    <injection-target-name>visitManager</injection-target-name>
                </injection-target>
                <injection-target>
                    <injection-target-class>AccessControlInt</injection-target-class>
                    <injection-target-name>visitManager</injection-target-name>
                </injection-target>
            </ejb-local-ref>
            <resource-env-ref>
                <resource-env-ref-name>java:comp/BeanManager</resource-env-ref-name>
                <resource-env-ref-type>javax.enterprise.inject.spi.BeanManager</resource-env-ref-type>
            </resource-env-ref>
            <resource-env-ref>
                <resource-env-ref-name>java:comp/Validator</resource-env-ref-name>
                <resource-env-ref-type>javax.validation.Validator</resource-env-ref-type>
            </resource-env-ref>
            <resource-env-ref>
                <resource-env-ref-name>java:comp/ValidatorFactory</resource-env-ref-name>
                <resource-env-ref-type>javax.validation.ValidatorFactory</resource-env-ref-type>
            </resource-env-ref>
            <resource-env-ref>
                <resource-env-ref-name>java:comp/TransactionManager</resource-env-ref-name>
                <resource-env-ref-type>javax.transaction.TransactionManager</resource-env-ref-type>
            </resource-env-ref>
            <resource-env-ref>
                <resource-env-ref-name>java:comp/TransactionSynchronizationRegistry</resource-env-ref-name>
                <resource-env-ref-type>javax.transaction.TransactionSynchronizationRegistry</resource-env-ref-type>
            </resource-env-ref>
            <persistence-context-ref>
                <persistence-context-ref-name>java:comp/env/it.polimi.se2.ricciosorrentinotriuzzi.components.DataModel/em</persistence-context-ref-name>
                <persistence-unit-name>PCLup</persistence-unit-name>
                <persistence-context-type>Transaction</persistence-context-type>
                <mapped-name>PCLup -912461633localhost</mapped-name>
                <injection-target>
                    <injection-target-class>it.polimi.se2.ricciosorrentinotriuzzi.components.DataModel</injection-target-class>
                    <injection-target-name>em</injection-target-name>
                </injection-target>
            </persistence-context-ref>
        </session>
        <session id="VisitManager">
            <ejb-name>VisitManager</ejb-name>
            <mapped-name></mapped-name>
            <local-bean/>
            <ejb-class>VisitManager</ejb-class>
            <session-type>Stateless</session-type>
            <depends-on/>
            <async-method>
                <method-name>checkReadyRequest</method-name>
                <method-params>
                    <method-param>java.lang.String</method-param>
                </method-params>
            </async-method>
            <async-method>
                <method-name>newRequest</method-name>
                <method-params>
                    <method-param>java.lang.String</method-param>
                </method-params>
            </async-method>
            <transaction-type>Container</transaction-type>
            <env-entry>
                <env-entry-name>java:module/ModuleName</env-entry-name>
                <env-entry-type>java.lang.String</env-entry-type>
                <env-entry-value>CLup</env-entry-value>
            </env-entry>
            <env-entry>
                <env-entry-name>java:app/AppName</env-entry-name>
                <env-entry-type>java.lang.String</env-entry-type>
                <env-entry-value>CLup</env-entry-value>
            </env-entry>
            <env-entry>
                <env-entry-name>java:comp/ComponentName</env-entry-name>
                <env-entry-type>java.lang.String</env-entry-type>
                <env-entry-value>VisitManager</env-entry-value>
            </env-entry>
            <ejb-local-ref>
                <ejb-ref-name>java:comp/env/it.polimi.se2.ricciosorrentinotriuzzi.components/DataModel</ejb-ref-name>
                <local>it.polimi.se2.ricciosorrentinotriuzzi.components.DataModel</local>
                <injection-target>
                    <injection-target-class>JunkyFunky</injection-target-class>
                    <injection-target-name>dataModel</injection-target-name>
                </injection-target>
                <injection-target>
                    <injection-target-class>VisitManager</injection-target-class>
                    <injection-target-name>dataModel</injection-target-name>
                </injection-target>
                <injection-target>
                    <injection-target-class>CustomerController</injection-target-class>
                    <injection-target-name>dataModel</injection-target-name>
                </injection-target>
                <injection-target>
                    <injection-target-class>RequestHandler</injection-target-class>
                    <injection-target-name>dataModel</injection-target-name>
                </injection-target>
            </ejb-local-ref>
            <ejb-local-ref>
                <ejb-ref-name>java:comp/env/it.polimi.se2.ricciosorrentinotriuzzi.RequestHandler</ejb-ref-name>
                <local>RequestHandler</local>
                <injection-target>
                    <injection-target-class>LineUpInt</injection-target-class>
                    <injection-target-name>rh</injection-target-name>
                </injection-target>
            </ejb-local-ref>
            <ejb-local-ref>
                <ejb-ref-name>java:comp/env/it.polimi.se2.ricciosorrentinotriuzzi.CustomerController</ejb-ref-name>
                <local>CustomerController</local>
                <injection-target>
                    <injection-target-class>CustomerInt</injection-target-class>
                    <injection-target-name>cc</injection-target-name>
                </injection-target>
            </ejb-local-ref>
            <ejb-local-ref>
                <ejb-ref-name>java:comp/env/it.polimi.se2.ricciosorrentinotriuzzi/VisitManager</ejb-ref-name>
                <local>VisitManager</local>
                <injection-target>
                    <injection-target-class>JunkyFunky</injection-target-class>
                    <injection-target-name>visitManager</injection-target-name>
                </injection-target>
                <injection-target>
                    <injection-target-class>AccessControlInt</injection-target-class>
                    <injection-target-name>visitManager</injection-target-name>
                </injection-target>
            </ejb-local-ref>
            <resource-env-ref>
                <resource-env-ref-name>java:comp/BeanManager</resource-env-ref-name>
                <resource-env-ref-type>javax.enterprise.inject.spi.BeanManager</resource-env-ref-type>
            </resource-env-ref>
            <resource-env-ref>
                <resource-env-ref-name>java:comp/Validator</resource-env-ref-name>
                <resource-env-ref-type>javax.validation.Validator</resource-env-ref-type>
            </resource-env-ref>
            <resource-env-ref>
                <resource-env-ref-name>java:comp/ValidatorFactory</resource-env-ref-name>
                <resource-env-ref-type>javax.validation.ValidatorFactory</resource-env-ref-type>
            </resource-env-ref>
            <resource-env-ref>
                <resource-env-ref-name>java:comp/TransactionManager</resource-env-ref-name>
                <resource-env-ref-type>javax.transaction.TransactionManager</resource-env-ref-type>
            </resource-env-ref>
            <resource-env-ref>
                <resource-env-ref-name>java:comp/TransactionSynchronizationRegistry</resource-env-ref-name>
                <resource-env-ref-type>javax.transaction.TransactionSynchronizationRegistry</resource-env-ref-type>
            </resource-env-ref>
            <persistence-context-ref>
                <persistence-context-ref-name>java:comp/env/it.polimi.se2.ricciosorrentinotriuzzi.components.DataModel/em</persistence-context-ref-name>
                <persistence-unit-name>PCLup</persistence-unit-name>
                <persistence-context-type>Transaction</persistence-context-type>
                <mapped-name>PCLup -912461633localhost</mapped-name>
                <injection-target>
                    <injection-target-class>it.polimi.se2.ricciosorrentinotriuzzi.components.DataModel</injection-target-class>
                    <injection-target-name>em</injection-target-name>
                </injection-target>
            </persistence-context-ref>
        </session>
        <session id="CustomerController">
            <ejb-name>CustomerController</ejb-name>
            <mapped-name></mapped-name>
            <local-bean/>
            <ejb-class>CustomerController</ejb-class>
            <session-type>Stateless</session-type>
            <depends-on/>
            <transaction-type>Container</transaction-type>
            <env-entry>
                <env-entry-name>java:module/ModuleName</env-entry-name>
                <env-entry-type>java.lang.String</env-entry-type>
                <env-entry-value>CLup</env-entry-value>
            </env-entry>
            <env-entry>
                <env-entry-name>java:app/AppName</env-entry-name>
                <env-entry-type>java.lang.String</env-entry-type>
                <env-entry-value>CLup</env-entry-value>
            </env-entry>
            <env-entry>
                <env-entry-name>java:comp/ComponentName</env-entry-name>
                <env-entry-type>java.lang.String</env-entry-type>
                <env-entry-value>CustomerController</env-entry-value>
            </env-entry>
            <ejb-local-ref>
                <ejb-ref-name>java:comp/env/it.polimi.se2.ricciosorrentinotriuzzi.components/DataModel</ejb-ref-name>
                <local>it.polimi.se2.ricciosorrentinotriuzzi.components.DataModel</local>
                <injection-target>
                    <injection-target-class>JunkyFunky</injection-target-class>
                    <injection-target-name>dataModel</injection-target-name>
                </injection-target>
                <injection-target>
                    <injection-target-class>VisitManager</injection-target-class>
                    <injection-target-name>dataModel</injection-target-name>
                </injection-target>
                <injection-target>
                    <injection-target-class>CustomerController</injection-target-class>
                    <injection-target-name>dataModel</injection-target-name>
                </injection-target>
                <injection-target>
                    <injection-target-class>RequestHandler</injection-target-class>
                    <injection-target-name>dataModel</injection-target-name>
                </injection-target>
            </ejb-local-ref>
            <ejb-local-ref>
                <ejb-ref-name>java:comp/env/it.polimi.se2.ricciosorrentinotriuzzi.RequestHandler</ejb-ref-name>
                <local>RequestHandler</local>
                <injection-target>
                    <injection-target-class>LineUpInt</injection-target-class>
                    <injection-target-name>rh</injection-target-name>
                </injection-target>
            </ejb-local-ref>
            <ejb-local-ref>
                <ejb-ref-name>java:comp/env/it.polimi.se2.ricciosorrentinotriuzzi.CustomerController</ejb-ref-name>
                <local>CustomerController</local>
                <injection-target>
                    <injection-target-class>CustomerInt</injection-target-class>
                    <injection-target-name>cc</injection-target-name>
                </injection-target>
            </ejb-local-ref>
            <ejb-local-ref>
                <ejb-ref-name>java:comp/env/it.polimi.se2.ricciosorrentinotriuzzi/VisitManager</ejb-ref-name>
                <local>VisitManager</local>
                <injection-target>
                    <injection-target-class>JunkyFunky</injection-target-class>
                    <injection-target-name>visitManager</injection-target-name>
                </injection-target>
                <injection-target>
                    <injection-target-class>AccessControlInt</injection-target-class>
                    <injection-target-name>visitManager</injection-target-name>
                </injection-target>
            </ejb-local-ref>
            <resource-env-ref>
                <resource-env-ref-name>java:comp/BeanManager</resource-env-ref-name>
                <resource-env-ref-type>javax.enterprise.inject.spi.BeanManager</resource-env-ref-type>
            </resource-env-ref>
            <resource-env-ref>
                <resource-env-ref-name>java:comp/Validator</resource-env-ref-name>
                <resource-env-ref-type>javax.validation.Validator</resource-env-ref-type>
            </resource-env-ref>
            <resource-env-ref>
                <resource-env-ref-name>java:comp/ValidatorFactory</resource-env-ref-name>
                <resource-env-ref-type>javax.validation.ValidatorFactory</resource-env-ref-type>
            </resource-env-ref>
            <resource-env-ref>
                <resource-env-ref-name>java:comp/TransactionManager</resource-env-ref-name>
                <resource-env-ref-type>javax.transaction.TransactionManager</resource-env-ref-type>
            </resource-env-ref>
            <resource-env-ref>
                <resource-env-ref-name>java:comp/TransactionSynchronizationRegistry</resource-env-ref-name>
                <resource-env-ref-type>javax.transaction.TransactionSynchronizationRegistry</resource-env-ref-type>
            </resource-env-ref>
            <persistence-context-ref>
                <persistence-context-ref-name>java:comp/env/it.polimi.se2.ricciosorrentinotriuzzi.components.DataModel/em</persistence-context-ref-name>
                <persistence-unit-name>PCLup</persistence-unit-name>
                <persistence-context-type>Transaction</persistence-context-type>
                <mapped-name>PCLup -912461633localhost</mapped-name>
                <injection-target>
                    <injection-target-class>it.polimi.se2.ricciosorrentinotriuzzi.components.DataModel</injection-target-class>
                    <injection-target-name>em</injection-target-name>
                </injection-target>
            </persistence-context-ref>
        </session>
        <session id="CLup.Comp50110588">
            <ejb-name>CLup.Comp</ejb-name>
            <local-bean/>
            <ejb-class>org.apache.openejb.BeanContext$Comp</ejb-class>
            <session-type>Managed</session-type>
            <depends-on/>
            <transaction-type>Bean</transaction-type>
            <env-entry>
                <env-entry-name>java:module/ModuleName</env-entry-name>
                <env-entry-type>java.lang.String</env-entry-type>
                <env-entry-value>CLup</env-entry-value>
            </env-entry>
            <env-entry>
                <env-entry-name>java:app/AppName</env-entry-name>
                <env-entry-type>java.lang.String</env-entry-type>
                <env-entry-value>CLup</env-entry-value>
            </env-entry>
            <env-entry>
                <env-entry-name>java:comp/ComponentName</env-entry-name>
                <env-entry-type>java.lang.String</env-entry-type>
                <env-entry-value>CLup</env-entry-value>
            </env-entry>
            <ejb-local-ref>
                <ejb-ref-name>java:comp/env/it.polimi.se2.ricciosorrentinotriuzzi.RequestHandler</ejb-ref-name>
                <local>RequestHandler</local>
                <injection-target>
                    <injection-target-class>LineUpInt</injection-target-class>
                    <injection-target-name>rh</injection-target-name>
                </injection-target>
            </ejb-local-ref>
            <ejb-local-ref>
                <ejb-ref-name>java:comp/env/it.polimi.se2.ricciosorrentinotriuzzi.components/DataModel</ejb-ref-name>
                <local>it.polimi.se2.ricciosorrentinotriuzzi.components.DataModel</local>
                <injection-target>
                    <injection-target-class>JunkyFunky</injection-target-class>
                    <injection-target-name>dataModel</injection-target-name>
                </injection-target>
                <injection-target>
                    <injection-target-class>VisitManager</injection-target-class>
                    <injection-target-name>dataModel</injection-target-name>
                </injection-target>
                <injection-target>
                    <injection-target-class>CustomerController</injection-target-class>
                    <injection-target-name>dataModel</injection-target-name>
                </injection-target>
                <injection-target>
                    <injection-target-class>RequestHandler</injection-target-class>
                    <injection-target-name>dataModel</injection-target-name>
                </injection-target>
            </ejb-local-ref>
            <ejb-local-ref>
                <ejb-ref-name>java:comp/env/it.polimi.se2.ricciosorrentinotriuzzi.CustomerController</ejb-ref-name>
                <local>CustomerController</local>
                <injection-target>
                    <injection-target-class>CustomerInt</injection-target-class>
                    <injection-target-name>cc</injection-target-name>
                </injection-target>
            </ejb-local-ref>
            <ejb-local-ref>
                <ejb-ref-name>java:comp/env/it.polimi.se2.ricciosorrentinotriuzzi/VisitManager</ejb-ref-name>
                <local>VisitManager</local>
                <injection-target>
                    <injection-target-class>AccessControlInt</injection-target-class>
                    <injection-target-name>visitManager</injection-target-name>
                </injection-target>
                <injection-target>
                    <injection-target-class>JunkyFunky</injection-target-class>
                    <injection-target-name>visitManager</injection-target-name>
                </injection-target>
            </ejb-local-ref>
            <resource-env-ref>
                <resource-env-ref-name>java:comp/BeanManager</resource-env-ref-name>
                <resource-env-ref-type>javax.enterprise.inject.spi.BeanManager</resource-env-ref-type>
            </resource-env-ref>
            <resource-env-ref>
                <resource-env-ref-name>java:comp/Validator</resource-env-ref-name>
                <resource-env-ref-type>javax.validation.Validator</resource-env-ref-type>
            </resource-env-ref>
            <resource-env-ref>
                <resource-env-ref-name>java:comp/ValidatorFactory</resource-env-ref-name>
                <resource-env-ref-type>javax.validation.ValidatorFactory</resource-env-ref-type>
            </resource-env-ref>
            <resource-env-ref>
                <resource-env-ref-name>java:comp/TransactionManager</resource-env-ref-name>
                <resource-env-ref-type>javax.transaction.TransactionManager</resource-env-ref-type>
            </resource-env-ref>
            <resource-env-ref>
                <resource-env-ref-name>java:comp/TransactionSynchronizationRegistry</resource-env-ref-name>
                <resource-env-ref-type>javax.transaction.TransactionSynchronizationRegistry</resource-env-ref-type>
            </resource-env-ref>
            <persistence-context-ref>
                <persistence-context-ref-name>java:comp/env/it.polimi.se2.ricciosorrentinotriuzzi.components.DataModel/em</persistence-context-ref-name>
                <persistence-unit-name>PCLup</persistence-unit-name>
                <persistence-context-type>Transaction</persistence-context-type>
                <mapped-name>PCLup -912461633localhost</mapped-name>
                <injection-target>
                    <injection-target-class>it.polimi.se2.ricciosorrentinotriuzzi.components.DataModel</injection-target-class>
                    <injection-target-name>em</injection-target-name>
                </injection-target>
            </persistence-context-ref>
        </session>
    </enterprise-beans>
    <assembly-descriptor/>
</ejb-jar>
